origine,origine_norm_ortho
?,?
3 Evêchés,Trois-Évêchés
Abbeville,Abbeville
Acheté à Lisbonne en faisant route pour la côte d'or,Acheté à Lisbonne en faisant route pour la côte d'or
Aédon,Aédon
Agde,Agde
Agen,Agen
Agenois,Agenois
Agénois,Agenois
Aix,Aix
Alençon,Alençon
Alep,Alep
Alicante,Alicante
Aligre,Aligre
Allemagne,Allemagne
Alsace,Alsace
Amérique,Amérique
Amérique espagnole,Amérique espagnole
Amienois,Amiénois
Amiénois,Amiénois
Amiens,Amiens
Angers,Angers
Angleterre,Angleterre
Angoulême,Angoulême
Angoumoins,Angoumois
Angoumois,Angoumois
Anjou,Anjou
Annonay,Annonay
Arbois Franche comté,Arbois Franche comté
Argenton,Argenton
Arles,Arles
Armagnac,Armagnac
Artois,Artois
Aubenas,Aubenas
Aubenton,Aubenton
Aulnay,Aulnay
Aunis,Aunis
Auvergne,Auvergne
Aux Voyageurs,Aux Voyageurs
Auxonne,Auxonne
Avignon,Avignon
Baccarat,Baccarat
Barbarie,Barbarie
Barcelone,Barcelone
Barrege,Barrege
Barsac,Barsac
Baujolais,Baujolais
Bayonne,Beaujolais
Bearn,Béarn
Béarn,Béarn
Béarn et Languedoc,Béarn et Languedoc
Béarn la Guyenne,Béarn la Guyenne
Beauce,Beauce
Beaufort,Beaufort
Beaujolais,Beaujolais
Beaussird,Beaussird
Beauvais,Beauvais
Beauvoisin,Beauvoisin
Belesine,Belesine
Bernay,Bernay
Berri,Berry
Berry,Berry
Bidache,Bidache
Bigor,Bigorre
Bigorre,Bigorre
Blaye,Blaye
Bolbec,Bolbec
Bordeaux,Bordeaux
Bordeaux Bourgogne,Bordeaux Bourgogne
Bordeaux Champagne,Bordeaux Champagne
Bordeaux d'Espagne,Bordeaux d'Espagne
Bordeaux et Provence,Bordeaux et Provence
Bordeaux et Sault,Bordeaux et Sault
Bordeaux Franche comté,Bordeaux Franche comté
Bordeaux Guyenne,Bordeaux Guyenne
Bordeaux Languedoc,Bordeaux Languedoc
Bouillon,Bouillon
Boulogne,Boulogne
Boulonais,Boulonais
Bourbonais,Bourbonnais
Bourbonnais,Bourbonnais
Bourbonnois,Bourbonnais
Bourges,Bourges
Bourgogne,Bourgogne
Bournay,Bournay
Brême,Brême
Bremen,Brême
Brésil,Brésil
Bretagne,Bretagne
Brouage,Brouage
Bureau du roy,Bureau du roy
Caen,Caen
Calais,Calais
Cambraisis,Cambrésis
Cambray,Cambrésis
Cambresis,Cambrésis
Cambrésis,Cambrésis
Cap breton,Cap breton
Cap français,Cap français
Cap françois,Cap français
Capbreton,Cap breton
Carcassonne,Carcassonne
Caroline,Caroline
Castillon,Castillon
Castres,Castres
Cette,Cette
Chalons,Chalons
Chalosse,Chalosse
Champagne,Champagne
Charente,Charente
Charleville,Charleville
Chartres,Chartres
Chatellerault,Chatellerault
Cherboug,Cherbourg
Cherbourg,Cherbourg
Chine,Chine
Cholet,Cholet
Cognac,Cognac
Colmard,Colmard
Colonie française,Colonies françaises
Colonies,Colonies
Colonies Espagnoles,Colonies Espagnoles
Colonies francaises,Colonies françaises
Colonies françaises,Colonies françaises
Combourg,Combourg
Commerce français,Commerce français
Compagnie des Indes,Compagnie des Indes
Comté de Foix,Comté de Foix
Comte françois,Franche-comté
Cote rotie,Cote rotie
Courtray,Courtray
Couserans,Couserans
Couseraus,Couserans
Cousserans,Couserans
Coutances,Coutances
Croisie,Croisie
D'anjou,Anjou
D'Elbeuf,Elbœuf
Danemark,Danemark
Dantzick,Dantzick
Darnetal,Darnetal
Dauphiné,Dauphiné
de Pays,du Pays
Dieppe,Dieppe
Dinan,Dinan
Dol,Dol
du Mans,Le Mans
du Pays,du Pays
Dubui,Dubui
Dunkerque,Dunkerque
Duris,Duris
Elbeuf,Elbœuf
Elboeuf,Elbœuf
Elbœuf,Elbœuf
Espagne,Espagne
Etanger,Étranger
Etats-Unis,Etats-Unis
Etranger,Étranger
Étranger,Étranger
Etranger!!!!,Étranger
Eveches,Trois-Évêchés
Evêchés,Trois-Évêchés
Fécamp,Fécamp
Ferol,Férol
Férol,Férol
Flandre,Flandres
Flandres,Flandres
Foire de Beaucaire,Foire de Beaucaire
Forest,Forez
Foret,Forez
Forêt,Forez
Forêts,Forez
Forez,Forez
Fougères,Fougères
Fozet,Forez
France,France
Franche comté,Franche-comté
Franche-comté,Franche-comté
Galinois,Galinois
Ganges,Ganges
Garonne,Garonne
Gascogne,Gascogne
Gènes,Gênes
Gênes,Gênes
Gensac en Guyenne,Guyenne
Gevaudan,Gevaudan
Givel,Givel
Granville,Granville
Gravel,Gravel
Grenoble,Grenoble
Gruyère,Gruyère
Guyanne,Guyanne
Guyenne,Guyenne
"Guyenne, Langedoc, Lyon et Etranger","Guyenne, Langedoc, Lyon et Etranger"
Hainault,Hainaut
hainault,Hainaut
Hainaut,Hainaut
Hairault,Hainaut
Hairrault,Hainaut
Hambourg,Hambourg
Harfleur,Harfleur
Harlem,Harlem
Hollande,Hollande
Honfleur,Honfleur
Ile française,Îles françaises
Inde,Indes
Inde colonie française,Indes colonies françaises
Inde commerce français,Indes commerce français
Inde Lorient,Inde Lorient
Indes,Indes
Indes commerce français,Indes commerce français
Indes espagnoles,Indes étrangères
Indes étrangères,Indes étrangères
Indes orientales,Indes orientales
Ingrandes,Ingrandes
Irlande,Irlande
Irlande et Angleterre,Irlande et Angleterre
Isle de Bourbon,Isle de Bourbon
Isle de France,Île de France
Isle de Ré,Île de Ré
Isle de Rhé,Île de Ré
Isle françaises,Îles françaises
Isles de France,Île de France
Isles francaises,Îles françaises
Isles françaises,Îles françaises
Italie,Italie
Jouy,Jouy
L'aigle,L'aigle
L'Orient,Lorient
La Marche,La Marche
La Rochelle,La Rochelle
Lamarche,La Marche
Langen,Langen
Languedoc,Languedoc
Languedoc et Rouen,Languedoc et Rouen
Lanquedoc,Languedoc
Laval,Laval
Le Havre,Le Havre
Le Maine,Maine
Le Mans,Le Mans
Le Perche,Le Perche
Le Puy,Le Puy
Lemaine,Lemaine
Levant,Levant
Lille,Lille
Lille et Flandres,Lille et Flandres
Lisbonne,Lisbonne
Lisieux,Lisieux
Livourne,Livourne
Londres,Londres
Lorient,Lorient
Lorraine,Lorraine
Louvier,Louviers
Louviers,Louviers
Lyon,Lyon
Lyonnais,Lyonnais
lyonnais,Lyonnais
Lyonois,Lyonnais
Lyonoisois,Lyonnais
Madère,Madère
Maine,Maine
Malaga,Malaga
Mame,Mame
Mans,Le Mans
Marencin,Marencin
Marennes,Marennes
Marsan,Marsan
Marseille,Marseille
Mattre,Mattre
Maubeuge,Maubeuge
Mayenne,Mayenne
Médoc,Médoc
Miquelon,Miquelon
Monarque,Monarque
Mont-marsan,Mont-marsan
Montauban,Montauban
Montpellier,Montpellier
Morlaix,Morlaix
Mortagne,Mortagne
Mouche,Mouche
Moulins,Moulins
Nancy,Nancy
Nantes,Nantes
Naples,Naples
Narbonne,Narbonne
Naus,Naus
Navarre,Navarre
Neufchâtel,Neufchâtel
Neutre Kaire,Neutre Kaire
Nevers,Nevers
Nice,Nice
Nîmes,Nîmes
Nismes,Nîmes
Nivernais,Nivernais
Nord,Nord
Normandie,Normandie
Norvège,Norvège
Nuremberg,Nuremberg
Oléron,Oléron
Oncille,Oncille
Orange,Orange
Origine,Origine
Orléanais,Orléanais
Orléanois,Orléanais
Orleans,Orleans
Orléans,Orleans
Ornénoir,Ornénoir
Ostende,Ostende
Paris,Paris
paris,Paris
Parmesan,Parmesan
Pays basques,Pays basques
Pays d'Auge,Pays d'Auge
Pays d'Aunis,Aunis
Pays de Caux,Pays de Caux
Pays de Liège,Pays de Liège
Pays des Basques,Pays des Basques
Pays des basques,Pays des basques
Pêches françaises,Pêches françaises
Perche,Le Perche
Perigord,Perigord
Périgord,Périgord
Perse,Perse
Petesbourg,Petesbourg
Petites Isles,Petites Isles
Pezenas,Pezenas
Philadelphie,Philadelphie
Picardie,Picardie
Piémont,Piémont
Poitiers,Poitiers
Poitou,Poitou
Ponteau de mer,Ponteau de mer
Pontivy,Pontivy
Pontoise,Pontoise
Pontorson,Pontorson
Port des barques,Port des barques
Port Vendre,Port Vendres
Port Vendres,Port Vendres
Ports,Ports
Portugal,Portugal
Provence,Provence
Prusse,Prusse
Quercy,Quercy
Quintin,Quintin
Rédon,Rédon
Régie des poudres,Régie des poudres
Reims,Reims
Rennes,Rennes
Rheims,Reims
Rhône,Rhône
Riberon,Quiberon
Rima,Rima
Rochefort,Rochefort
Romans,Romans
Romilly,Romilly
Roquefort,Roquefort
Rota,Rota
Roubaix,Roubaix
Rouen,Rouen
Rouergue,Rouergue
Roussillon,Roussillon
Royal,Royal
Ruffec,Ruffec
Russie,Russie
Saint Etienne,Saint-Etienne
Saint Pierre et Miquelon,Saint Pierre et Miquelon
Saint-Cast,Saint-Cast
Saint-Mexant,Saint-Mexant
Saint-Quentin Picardie,Saint-Quentin Picardie
Saintonge,Saintonge
Salon,Salon
Sanlis,Sanlis
Sardaigne,Sardaigne
Saumur,Saumur
Sedan,Sedan
Sédan,Sedan
Senlis,Senlis
Sèvres,Sèvres
Sicile,Sicile
Silésie,Silésie
St Cast,Saint-Cast
St Chaumont,Saint-Chaumont
St Clément,Saint-Clément
St Domingue,Saint-Domingue
St Esprit,Saint-Esprit
St Esprit les Bayonne,Saint-Esprit les Bayonne
St Etienne,Saint-Etienne
St George,Saint-George
St Hilaire,Saint-Hilaire
St Hypolite,Saint-Hyppolite
St Lô,Saint-Lô
St Malo,Saint-Malo
St Onge,Saintonge
St Quentin,Saint-Quentin
St Servan,Saint-Servan
St Valeri,Saint-Valéry
St Valery,Saint-Valéry
Ste Foix,Sainte-Foix
Suède,Suède
Suisse,Suisse
Terre Neuve,Terre-Neuve
Terre neuve,Terre-Neuve
Thiers,Thiers
Tonneins,Tonneins
Tonnerre,Tonnerre
Toulon,Toulon
Toulouse,Toulouse
Touraine,Tourraine
Tourrain,Tourraine
Tourraine,Tourraine
Tours,Tours
Troye,Troyes
Troyes,Troyes
Tunis,Tunis
Utrecht,Utrecht
Utreck,Utrecht
Valay,Valay
Valencienne,Valenciennes
Valenciennes,Valenciennes
Valenciennes Hainaut,Valenciennes Hainaut
Velay,Velay
Verdun,Verdun
Versailles,Versailles
Vibourg,Vibourg
Vichi,Vichy
Vichy,Vichy
villes hanséatiques,Villes Hanséatiques
Vimoutier,Vimoutiers
Vimoutiers,Vimoutiers
Vire,Vire
Virginie,Virginie
Vitré,Vitré
Vitrolles,Vitrolles
Vivarais,Vivarais
Voiron,Voiron
Wesphalie,Wesphalie
Ypres,Ypres
